timestamp,gpu_name,gpu_utilization_percent,gpu_memory_used_mib,gpu_memory_total_mib,gpu_memory_utilization_percent,gpu_power_draw_w,gpu_temperature_c
2026/06/11 16:44:48.959,NVIDIA GeForce RTX 4090,29.0,5698.0,24564.0,0.0,70.82,37.0
2026/06/11 16:44:50.003,NVIDIA GeForce RTX 4090,0.0,8048.0,24564.0,0.0,65.7,36.0
2026/06/11 16:44:51.097,NVIDIA GeForce RTX 4090,25.0,8112.0,24564.0,0.0,141.22,39.0
2026/06/11 16:44:52.168,NVIDIA GeForce RTX 4090,26.0,8120.0,24564.0,12.0,152.76,39.0
2026/06/11 16:44:53.213,NVIDIA GeForce RTX 4090,29.0,8132.0,24564.0,13.0,151.67,41.0
2026/06/11 16:44:54.292,NVIDIA GeForce RTX 4090,28.0,8132.0,24564.0,12.0,152.8,41.0
2026/06/11 16:44:55.372,NVIDIA GeForce RTX 4090,50.0,8132.0,24564.0,39.0,149.25,42.0
2026/06/11 16:44:56.452,NVIDIA GeForce RTX 4090,57.0,8132.0,24564.0,52.0,149.45,42.0
2026/06/11 16:44:57.493,NVIDIA GeForce RTX 4090,59.0,8132.0,24564.0,53.0,150.71,42.0
2026/06/11 16:44:58.517,NVIDIA GeForce RTX 4090,61.0,8132.0,24564.0,54.0,148.98,41.0
2026/06/11 16:44:59.558,NVIDIA GeForce RTX 4090,23.0,8132.0,24564.0,0.0,152.58,41.0
2026/06/11 16:45:00.640,NVIDIA GeForce RTX 4090,29.0,8132.0,24564.0,12.0,151.21,42.0
2026/06/11 16:45:01.690,NVIDIA GeForce RTX 4090,28.0,8132.0,24564.0,13.0,149.27,42.0
2026/06/11 16:45:02.775,NVIDIA GeForce RTX 4090,28.0,8132.0,24564.0,12.0,151.36,41.0
2026/06/11 16:45:03.859,NVIDIA GeForce RTX 4090,52.0,8132.0,24564.0,42.0,153.59,40.0
2026/06/11 16:45:04.906,NVIDIA GeForce RTX 4090,44.0,8132.0,24564.0,33.0,151.53,41.0
2026/06/11 16:45:05.969,NVIDIA GeForce RTX 4090,60.0,8132.0,24564.0,56.0,151.77,42.0
2026/06/11 16:45:07.033,NVIDIA GeForce RTX 4090,64.0,8132.0,24564.0,60.0,152.57,42.0
2026/06/11 16:45:08.115,NVIDIA GeForce RTX 4090,28.0,8132.0,24564.0,9.0,153.45,41.0
2026/06/11 16:45:09.158,NVIDIA GeForce RTX 4090,31.0,8132.0,24564.0,15.0,152.12,42.0
2026/06/11 16:45:10.216,NVIDIA GeForce RTX 4090,30.0,8132.0,24564.0,14.0,152.76,42.0
2026/06/11 16:45:11.257,NVIDIA GeForce RTX 4090,56.0,8132.0,24564.0,48.0,151.99,42.0
2026/06/11 16:45:12.344,NVIDIA GeForce RTX 4090,42.0,8132.0,24564.0,28.0,151.08,42.0
2026/06/11 16:45:13.404,NVIDIA GeForce RTX 4090,66.0,8132.0,24564.0,64.0,151.0,44.0
2026/06/11 16:45:14.468,NVIDIA GeForce RTX 4090,55.0,8132.0,24564.0,48.0,149.55,43.0
2026/06/11 16:45:15.548,NVIDIA GeForce RTX 4090,0.0,8132.0,24564.0,0.0,144.39,40.0
2026/06/11 16:45:16.571,NVIDIA GeForce RTX 4090,32.0,8132.0,24564.0,17.0,139.5,43.0
2026/06/11 16:45:17.632,NVIDIA GeForce RTX 4090,62.0,8132.0,24564.0,55.0,140.37,42.0
2026/06/11 16:45:18.712,NVIDIA GeForce RTX 4090,45.0,8132.0,24564.0,32.0,149.3,44.0
2026/06/11 16:45:19.771,NVIDIA GeForce RTX 4090,19.0,8132.0,24564.0,0.0,133.59,42.0
2026/06/11 16:45:20.813,NVIDIA GeForce RTX 4090,28.0,8132.0,24564.0,12.0,146.22,41.0
2026/06/11 16:45:21.893,NVIDIA GeForce RTX 4090,44.0,8132.0,24564.0,31.0,154.48,42.0
2026/06/11 16:45:22.937,NVIDIA GeForce RTX 4090,56.0,8132.0,24564.0,49.0,152.62,43.0
2026/06/11 16:45:24.019,NVIDIA GeForce RTX 4090,54.0,8132.0,24564.0,46.0,148.36,43.0
2026/06/11 16:45:25.100,NVIDIA GeForce RTX 4090,30.0,8132.0,24564.0,14.0,154.42,42.0
2026/06/11 16:45:26.180,NVIDIA GeForce RTX 4090,29.0,8132.0,24564.0,14.0,152.97,42.0
2026/06/11 16:45:27.260,NVIDIA GeForce RTX 4090,33.0,8132.0,24564.0,18.0,152.6,43.0
2026/06/11 16:45:28.320,NVIDIA GeForce RTX 4090,52.0,8132.0,24564.0,42.0,152.39,44.0
2026/06/11 16:45:29.361,NVIDIA GeForce RTX 4090,53.0,8132.0,24564.0,45.0,149.78,43.0
2026/06/11 16:45:30.401,NVIDIA GeForce RTX 4090,59.0,8132.0,24564.0,53.0,152.4,44.0
2026/06/11 16:45:31.441,NVIDIA GeForce RTX 4090,58.0,8132.0,24564.0,52.0,150.26,44.0
2026/06/11 16:45:32.525,NVIDIA GeForce RTX 4090,51.0,8132.0,24564.0,42.0,152.97,41.0
2026/06/11 16:45:33.607,NVIDIA GeForce RTX 4090,28.0,8132.0,24564.0,0.0,150.97,44.0
2026/06/11 16:45:34.688,NVIDIA GeForce RTX 4090,28.0,8132.0,24564.0,13.0,150.06,44.0
2026/06/11 16:45:35.771,NVIDIA GeForce RTX 4090,30.0,8132.0,24564.0,14.0,150.82,43.0
2026/06/11 16:45:36.852,NVIDIA GeForce RTX 4090,42.0,8132.0,24564.0,29.0,151.8,42.0
2026/06/11 16:45:37.937,NVIDIA GeForce RTX 4090,46.0,8132.0,24564.0,35.0,155.1,43.0
2026/06/11 16:45:39.017,NVIDIA GeForce RTX 4090,61.0,8132.0,24564.0,56.0,152.77,43.0
2026/06/11 16:45:40.112,NVIDIA GeForce RTX 4090,45.0,8132.0,24564.0,31.0,150.88,42.0
2026/06/11 16:45:41.153,NVIDIA GeForce RTX 4090,25.0,8132.0,24564.0,0.0,154.72,42.0
2026/06/11 16:45:42.232,NVIDIA GeForce RTX 4090,28.0,8132.0,24564.0,13.0,152.7,43.0
2026/06/11 16:45:43.273,NVIDIA GeForce RTX 4090,31.0,8132.0,24564.0,15.0,153.15,44.0
2026/06/11 16:45:44.314,NVIDIA GeForce RTX 4090,42.0,8132.0,24564.0,29.0,153.88,45.0
2026/06/11 16:45:45.353,NVIDIA GeForce RTX 4090,47.0,8132.0,24564.0,36.0,150.18,45.0
2026/06/11 16:45:46.377,NVIDIA GeForce RTX 4090,59.0,8132.0,24564.0,53.0,152.04,45.0
2026/06/11 16:45:47.461,NVIDIA GeForce RTX 4090,70.0,8132.0,24564.0,68.0,152.92,43.0
2026/06/11 16:45:48.540,NVIDIA GeForce RTX 4090,54.0,8132.0,24564.0,46.0,151.95,42.0
2026/06/11 16:45:49.619,NVIDIA GeForce RTX 4090,25.0,8132.0,24564.0,0.0,150.35,44.0
2026/06/11 16:45:50.712,NVIDIA GeForce RTX 4090,28.0,8132.0,24564.0,13.0,150.65,45.0
2026/06/11 16:45:51.754,NVIDIA GeForce RTX 4090,30.0,8132.0,24564.0,14.0,150.67,44.0
2026/06/11 16:45:52.844,NVIDIA GeForce RTX 4090,42.0,8132.0,24564.0,29.0,151.42,42.0
2026/06/11 16:45:53.930,NVIDIA GeForce RTX 4090,50.0,8132.0,24564.0,40.0,154.28,44.0
2026/06/11 16:45:54.977,NVIDIA GeForce RTX 4090,57.0,8132.0,24564.0,50.0,153.53,44.0
2026/06/11 16:45:56.065,NVIDIA GeForce RTX 4090,69.0,8132.0,24564.0,67.0,153.35,44.0
2026/06/11 16:45:57.109,NVIDIA GeForce RTX 4090,23.0,8132.0,24564.0,0.0,154.72,43.0
2026/06/11 16:45:58.168,NVIDIA GeForce RTX 4090,31.0,8132.0,24564.0,15.0,154.53,44.0
2026/06/11 16:45:59.191,NVIDIA GeForce RTX 4090,29.0,8132.0,24564.0,14.0,152.74,44.0
2026/06/11 16:46:00.272,NVIDIA GeForce RTX 4090,42.0,8132.0,24564.0,30.0,152.33,45.0
2026/06/11 16:46:01.352,NVIDIA GeForce RTX 4090,52.0,8132.0,24564.0,42.0,153.35,45.0
2026/06/11 16:46:02.432,NVIDIA GeForce RTX 4090,55.0,8132.0,24564.0,48.0,153.56,44.0
2026/06/11 16:46:03.492,NVIDIA GeForce RTX 4090,56.0,8132.0,24564.0,49.0,150.68,45.0
2026/06/11 16:46:04.584,NVIDIA GeForce RTX 4090,61.0,8132.0,24564.0,55.0,150.52,44.0
2026/06/11 16:46:05.677,NVIDIA GeForce RTX 4090,24.0,8132.0,24564.0,0.0,150.02,44.0
2026/06/11 16:46:06.748,NVIDIA GeForce RTX 4090,29.0,8132.0,24564.0,12.0,152.13,45.0
2026/06/11 16:46:07.799,NVIDIA GeForce RTX 4090,28.0,8132.0,24564.0,13.0,148.48,44.0
2026/06/11 16:46:08.880,NVIDIA GeForce RTX 4090,32.0,8132.0,24564.0,19.0,147.07,42.0
2026/06/11 16:46:09.964,NVIDIA GeForce RTX 4090,41.0,8132.0,24564.0,29.0,152.18,44.0
2026/06/11 16:46:11.049,NVIDIA GeForce RTX 4090,62.0,8132.0,24564.0,57.0,150.22,44.0
2026/06/11 16:46:12.145,NVIDIA GeForce RTX 4090,25.0,8132.0,24564.0,12.0,141.02,43.0
2026/06/11 16:46:13.241,NVIDIA GeForce RTX 4090,51.0,8132.0,24564.0,41.0,148.22,44.0
2026/06/11 16:46:14.329,NVIDIA GeForce RTX 4090,54.0,8132.0,24564.0,46.0,149.53,45.0
2026/06/11 16:46:15.413,NVIDIA GeForce RTX 4090,67.0,8132.0,24564.0,64.0,150.18,44.0
2026/06/11 16:46:16.438,NVIDIA GeForce RTX 4090,42.0,8132.0,24564.0,27.0,148.74,42.0
2026/06/11 16:46:17.520,NVIDIA GeForce RTX 4090,23.0,8132.0,24564.0,1.0,155.13,43.0
2026/06/11 16:46:18.605,NVIDIA GeForce RTX 4090,29.0,8132.0,24564.0,14.0,150.39,45.0
2026/06/11 16:46:19.665,NVIDIA GeForce RTX 4090,28.0,8132.0,24564.0,13.0,149.11,44.0
2026/06/11 16:46:20.748,NVIDIA GeForce RTX 4090,58.0,8132.0,24564.0,50.0,155.27,43.0
2026/06/11 16:46:21.828,NVIDIA GeForce RTX 4090,45.0,8132.0,24564.0,33.0,154.01,44.0
2026/06/11 16:46:22.877,NVIDIA GeForce RTX 4090,66.0,8132.0,24564.0,62.0,154.09,44.0
2026/06/11 16:46:23.956,NVIDIA GeForce RTX 4090,61.0,8132.0,24564.0,57.0,154.04,45.0
2026/06/11 16:46:25.036,NVIDIA GeForce RTX 4090,26.0,8132.0,24564.0,7.0,153.59,45.0
2026/06/11 16:46:26.116,NVIDIA GeForce RTX 4090,27.0,8132.0,24564.0,12.0,153.65,44.0
2026/06/11 16:46:27.196,NVIDIA GeForce RTX 4090,28.0,8132.0,24564.0,13.0,152.93,44.0
2026/06/11 16:46:28.276,NVIDIA GeForce RTX 4090,55.0,8132.0,24564.0,46.0,152.81,45.0
2026/06/11 16:46:29.356,NVIDIA GeForce RTX 4090,52.0,8132.0,24564.0,42.0,151.64,44.0
2026/06/11 16:46:30.416,NVIDIA GeForce RTX 4090,66.0,8132.0,24564.0,62.0,152.0,45.0
2026/06/11 16:46:31.496,NVIDIA GeForce RTX 4090,61.0,8132.0,24564.0,57.0,152.19,44.0
2026/06/11 16:46:32.576,NVIDIA GeForce RTX 4090,25.0,8132.0,24564.0,1.0,149.63,43.0
2026/06/11 16:46:33.636,NVIDIA GeForce RTX 4090,30.0,8132.0,24564.0,6.0,153.4,44.0
2026/06/11 16:46:34.716,NVIDIA GeForce RTX 4090,29.0,8132.0,24564.0,14.0,151.96,45.0
2026/06/11 16:46:35.796,NVIDIA GeForce RTX 4090,28.0,8132.0,24564.0,13.0,149.46,44.0
2026/06/11 16:46:36.888,NVIDIA GeForce RTX 4090,53.0,8132.0,24564.0,41.0,155.3,43.0
2026/06/11 16:46:37.941,NVIDIA GeForce RTX 4090,44.0,8132.0,24564.0,33.0,155.32,44.0
2026/06/11 16:46:39.024,NVIDIA GeForce RTX 4090,70.0,8132.0,24564.0,69.0,153.35,44.0
2026/06/11 16:46:40.109,NVIDIA GeForce RTX 4090,30.0,8132.0,24564.0,10.0,149.79,43.0
2026/06/11 16:46:41.192,NVIDIA GeForce RTX 4090,30.0,8132.0,24564.0,6.0,155.22,44.0
2026/06/11 16:46:42.233,NVIDIA GeForce RTX 4090,29.0,8132.0,24564.0,14.0,148.99,44.0
2026/06/11 16:46:43.316,NVIDIA GeForce RTX 4090,45.0,8132.0,24564.0,32.0,153.66,45.0
2026/06/11 16:46:44.397,NVIDIA GeForce RTX 4090,62.0,8132.0,24564.0,58.0,133.12,44.0
2026/06/11 16:46:45.443,NVIDIA GeForce RTX 4090,14.0,8132.0,24564.0,0.0,142.41,42.0
2026/06/11 16:46:46.469,NVIDIA GeForce RTX 4090,27.0,8132.0,24564.0,12.0,155.29,44.0
2026/06/11 16:46:47.532,NVIDIA GeForce RTX 4090,27.0,8132.0,24564.0,12.0,148.47,44.0
2026/06/11 16:46:48.577,NVIDIA GeForce RTX 4090,50.0,8132.0,24564.0,41.0,140.46,44.0
2026/06/11 16:46:49.668,NVIDIA GeForce RTX 4090,61.0,8132.0,24564.0,55.0,153.38,44.0
2026/06/11 16:46:50.756,NVIDIA GeForce RTX 4090,26.0,8132.0,24564.0,7.0,145.83,45.0
2026/06/11 16:46:51.844,NVIDIA GeForce RTX 4090,29.0,8132.0,24564.0,7.0,152.16,45.0
2026/06/11 16:46:52.936,NVIDIA GeForce RTX 4090,30.0,8132.0,24564.0,15.0,150.27,44.0
2026/06/11 16:46:54.028,NVIDIA GeForce RTX 4090,28.0,8132.0,24564.0,12.0,147.32,43.0
2026/06/11 16:46:55.096,NVIDIA GeForce RTX 4090,56.0,8132.0,24564.0,50.0,152.26,44.0
2026/06/11 16:46:56.168,NVIDIA GeForce RTX 4090,69.0,8132.0,24564.0,68.0,150.85,44.0
2026/06/11 16:46:57.264,NVIDIA GeForce RTX 4090,54.0,8132.0,24564.0,46.0,151.57,44.0
2026/06/11 16:46:58.358,NVIDIA GeForce RTX 4090,28.0,8132.0,24564.0,0.0,155.32,43.0
2026/06/11 16:46:59.430,NVIDIA GeForce RTX 4090,27.0,8132.0,24564.0,13.0,153.4,44.0
2026/06/11 16:47:00.528,NVIDIA GeForce RTX 4090,29.0,8132.0,24564.0,13.0,153.05,44.0
2026/06/11 16:47:01.617,NVIDIA GeForce RTX 4090,48.0,8132.0,24564.0,35.0,155.58,43.0
2026/06/11 16:47:02.661,NVIDIA GeForce RTX 4090,52.0,8132.0,24564.0,42.0,155.38,44.0
2026/06/11 16:47:03.728,NVIDIA GeForce RTX 4090,53.0,8132.0,24564.0,48.0,152.68,44.0
2026/06/11 16:47:04.796,NVIDIA GeForce RTX 4090,54.0,8132.0,24564.0,46.0,152.71,45.0
2026/06/11 16:47:05.842,NVIDIA GeForce RTX 4090,24.0,8132.0,24564.0,5.0,149.34,44.0
2026/06/11 16:47:06.936,NVIDIA GeForce RTX 4090,27.0,8132.0,24564.0,9.0,152.4,45.0
2026/06/11 16:47:08.038,NVIDIA GeForce RTX 4090,29.0,8132.0,24564.0,14.0,152.05,45.0
2026/06/11 16:47:09.128,NVIDIA GeForce RTX 4090,51.0,8132.0,24564.0,41.0,150.29,45.0
2026/06/11 16:47:10.196,NVIDIA GeForce RTX 4090,41.0,8132.0,24564.0,28.0,152.21,46.0
2026/06/11 16:47:11.265,NVIDIA GeForce RTX 4090,56.0,8132.0,24564.0,49.0,147.98,45.0
2026/06/11 16:47:12.329,NVIDIA GeForce RTX 4090,64.0,8132.0,24564.0,60.0,150.49,44.0
2026/06/11 16:47:13.420,NVIDIA GeForce RTX 4090,26.0,8132.0,24564.0,0.0,155.41,43.0
2026/06/11 16:47:14.504,NVIDIA GeForce RTX 4090,30.0,8132.0,24564.0,15.0,155.41,44.0
2026/06/11 16:47:15.602,NVIDIA GeForce RTX 4090,28.0,8132.0,24564.0,13.0,150.66,45.0
2026/06/11 16:47:16.630,NVIDIA GeForce RTX 4090,35.0,8132.0,24564.0,21.0,149.29,43.0
2026/06/11 16:47:17.724,NVIDIA GeForce RTX 4090,52.0,8132.0,24564.0,42.0,155.05,45.0
2026/06/11 16:47:18.816,NVIDIA GeForce RTX 4090,54.0,8132.0,24564.0,46.0,154.09,44.0
2026/06/11 16:47:19.904,NVIDIA GeForce RTX 4090,70.0,8132.0,24564.0,69.0,153.55,44.0
2026/06/11 16:47:20.992,NVIDIA GeForce RTX 4090,54.0,8132.0,24564.0,46.0,153.48,44.0
2026/06/11 16:47:22.056,NVIDIA GeForce RTX 4090,24.0,8132.0,24564.0,0.0,152.59,45.0
2026/06/11 16:47:23.145,NVIDIA GeForce RTX 4090,28.0,8132.0,24564.0,13.0,151.73,44.0
2026/06/11 16:47:24.190,NVIDIA GeForce RTX 4090,53.0,8132.0,24564.0,43.0,151.65,45.0
2026/06/11 16:47:25.238,NVIDIA GeForce RTX 4090,41.0,8132.0,24564.0,29.0,150.04,44.0
2026/06/11 16:47:26.320,NVIDIA GeForce RTX 4090,53.0,8132.0,24564.0,46.0,147.57,45.0
2026/06/11 16:47:27.406,NVIDIA GeForce RTX 4090,54.0,8132.0,24564.0,46.0,147.44,45.0
2026/06/11 16:47:28.432,NVIDIA GeForce RTX 4090,27.0,8132.0,24564.0,0.0,155.02,43.0
2026/06/11 16:47:29.492,NVIDIA GeForce RTX 4090,28.0,8132.0,24564.0,13.0,153.09,44.0
2026/06/11 16:47:30.577,NVIDIA GeForce RTX 4090,28.0,8132.0,24564.0,13.0,152.15,44.0
2026/06/11 16:47:31.627,NVIDIA GeForce RTX 4090,50.0,8132.0,24564.0,39.0,155.0,43.0
2026/06/11 16:47:32.692,NVIDIA GeForce RTX 4090,42.0,8132.0,24564.0,29.0,154.51,44.0
2026/06/11 16:47:33.733,NVIDIA GeForce RTX 4090,68.0,8132.0,24564.0,65.0,153.06,44.0
2026/06/11 16:47:34.792,NVIDIA GeForce RTX 4090,68.0,8132.0,24564.0,66.0,152.38,44.0
2026/06/11 16:47:35.833,NVIDIA GeForce RTX 4090,25.0,8132.0,24564.0,0.0,149.97,46.0
2026/06/11 16:47:36.916,NVIDIA GeForce RTX 4090,31.0,8132.0,24564.0,12.0,151.65,45.0
2026/06/11 16:47:37.996,NVIDIA GeForce RTX 4090,28.0,8132.0,24564.0,13.0,147.64,46.0
2026/06/11 16:47:39.076,NVIDIA GeForce RTX 4090,31.0,8132.0,24564.0,17.0,148.92,45.0
2026/06/11 16:47:40.156,NVIDIA GeForce RTX 4090,64.0,8132.0,24564.0,60.0,151.65,46.0
2026/06/11 16:47:41.201,NVIDIA GeForce RTX 4090,56.0,8132.0,24564.0,49.0,147.47,45.0
2026/06/11 16:47:42.280,NVIDIA GeForce RTX 4090,23.0,8132.0,24564.0,0.0,147.11,43.0
2026/06/11 16:47:43.372,NVIDIA GeForce RTX 4090,30.0,8132.0,24564.0,15.0,154.2,44.0
2026/06/11 16:47:44.441,NVIDIA GeForce RTX 4090,28.0,8132.0,24564.0,12.0,152.78,44.0
2026/06/11 16:47:45.489,NVIDIA GeForce RTX 4090,42.0,8132.0,24564.0,30.0,152.61,44.0
2026/06/11 16:47:46.512,NVIDIA GeForce RTX 4090,42.0,8132.0,24564.0,29.0,149.69,46.0
2026/06/11 16:47:47.557,NVIDIA GeForce RTX 4090,53.0,8132.0,24564.0,46.0,150.23,44.0
2026/06/11 16:47:48.620,NVIDIA GeForce RTX 4090,61.0,8132.0,24564.0,56.0,153.51,45.0
2026/06/11 16:47:49.661,NVIDIA GeForce RTX 4090,34.0,8132.0,24564.0,14.0,151.2,46.0
2026/06/11 16:47:50.744,NVIDIA GeForce RTX 4090,31.0,8132.0,24564.0,6.0,151.06,45.0
2026/06/11 16:47:51.832,NVIDIA GeForce RTX 4090,28.0,8132.0,24564.0,12.0,151.12,46.0
2026/06/11 16:47:52.875,NVIDIA GeForce RTX 4090,29.0,8132.0,24564.0,14.0,151.7,45.0
2026/06/11 16:47:53.970,NVIDIA GeForce RTX 4090,54.0,8132.0,24564.0,45.0,154.29,43.0
2026/06/11 16:47:55.062,NVIDIA GeForce RTX 4090,54.0,8132.0,24564.0,45.0,153.7,44.0
2026/06/11 16:47:56.152,NVIDIA GeForce RTX 4090,40.0,8134.0,24564.0,24.0,148.44,44.0
2026/06/11 16:47:57.242,NVIDIA GeForce RTX 4090,31.0,8134.0,24564.0,6.0,154.84,43.0
2026/06/11 16:47:58.330,NVIDIA GeForce RTX 4090,28.0,8134.0,24564.0,13.0,151.4,44.0
2026/06/11 16:47:59.420,NVIDIA GeForce RTX 4090,32.0,8134.0,24564.0,18.0,151.71,44.0
2026/06/11 16:48:00.512,NVIDIA GeForce RTX 4090,47.0,8134.0,24564.0,36.0,147.89,45.0
2026/06/11 16:48:01.596,NVIDIA GeForce RTX 4090,62.0,8134.0,24564.0,57.0,152.55,44.0
2026/06/11 16:48:02.688,NVIDIA GeForce RTX 4090,63.0,8134.0,24564.0,58.0,153.97,44.0
2026/06/11 16:48:03.729,NVIDIA GeForce RTX 4090,41.0,8134.0,24564.0,21.0,150.44,46.0
2026/06/11 16:48:04.800,NVIDIA GeForce RTX 4090,28.0,8134.0,24564.0,3.0,149.93,45.0
2026/06/11 16:48:05.892,NVIDIA GeForce RTX 4090,28.0,8134.0,24564.0,12.0,152.35,46.0
2026/06/11 16:48:06.981,NVIDIA GeForce RTX 4090,28.0,8134.0,24564.0,13.0,151.26,45.0
2026/06/11 16:48:08.068,NVIDIA GeForce RTX 4090,53.0,8134.0,24564.0,43.0,155.4,43.0
2026/06/11 16:48:09.161,NVIDIA GeForce RTX 4090,69.0,8134.0,24564.0,68.0,138.84,45.0
2026/06/11 16:48:10.224,NVIDIA GeForce RTX 4090,26.0,8134.0,24564.0,0.0,151.8,45.0
2026/06/11 16:48:11.308,NVIDIA GeForce RTX 4090,30.0,8134.0,24564.0,12.0,155.16,43.0
2026/06/11 16:48:12.388,NVIDIA GeForce RTX 4090,57.0,8134.0,24564.0,49.0,143.71,45.0
2026/06/11 16:48:13.468,NVIDIA GeForce RTX 4090,62.0,8134.0,24564.0,59.0,143.9,45.0
2026/06/11 16:48:14.552,NVIDIA GeForce RTX 4090,19.0,8134.0,24564.0,0.0,134.12,44.0
2026/06/11 16:48:15.642,NVIDIA GeForce RTX 4090,26.0,8134.0,24564.0,12.0,134.05,45.0
2026/06/11 16:48:16.668,NVIDIA GeForce RTX 4090,39.0,8134.0,24564.0,26.0,147.15,44.0
2026/06/11 16:48:17.752,NVIDIA GeForce RTX 4090,52.0,8134.0,24564.0,43.0,154.82,43.0
2026/06/11 16:48:18.832,NVIDIA GeForce RTX 4090,54.0,8134.0,24564.0,46.0,148.29,44.0
2026/06/11 16:48:19.916,NVIDIA GeForce RTX 4090,62.0,8134.0,24564.0,58.0,153.95,45.0
2026/06/11 16:48:20.976,NVIDIA GeForce RTX 4090,27.0,8134.0,24564.0,0.0,149.88,45.0
2026/06/11 16:48:22.036,NVIDIA GeForce RTX 4090,29.0,8134.0,24564.0,14.0,152.14,45.0
2026/06/11 16:48:23.077,NVIDIA GeForce RTX 4090,28.0,8134.0,24564.0,13.0,149.46,45.0
2026/06/11 16:48:24.160,NVIDIA GeForce RTX 4090,53.0,8134.0,24564.0,45.0,151.14,45.0
2026/06/11 16:48:25.241,NVIDIA GeForce RTX 4090,61.0,8134.0,24564.0,55.0,152.02,45.0
2026/06/11 16:48:26.328,NVIDIA GeForce RTX 4090,61.0,8134.0,24564.0,56.0,151.22,44.0
2026/06/11 16:48:27.408,NVIDIA GeForce RTX 4090,33.0,8134.0,24564.0,15.0,146.95,45.0
2026/06/11 16:48:28.432,NVIDIA GeForce RTX 4090,29.0,8134.0,24564.0,6.0,154.88,43.0
2026/06/11 16:48:29.516,NVIDIA GeForce RTX 4090,31.0,8134.0,24564.0,15.0,153.25,44.0
2026/06/11 16:48:30.604,NVIDIA GeForce RTX 4090,28.0,8134.0,24564.0,12.0,148.73,44.0
2026/06/11 16:48:31.668,NVIDIA GeForce RTX 4090,50.0,8134.0,24564.0,40.0,155.51,43.0
2026/06/11 16:48:32.768,NVIDIA GeForce RTX 4090,58.0,8134.0,24564.0,52.0,152.9,44.0
2026/06/11 16:48:33.856,NVIDIA GeForce RTX 4090,52.0,8134.0,24564.0,46.0,150.59,44.0
2026/06/11 16:48:34.940,NVIDIA GeForce RTX 4090,21.0,8134.0,24564.0,0.0,141.68,44.0
2026/06/11 16:48:36.029,NVIDIA GeForce RTX 4090,24.0,8134.0,24564.0,11.0,137.31,45.0
2026/06/11 16:48:37.112,NVIDIA GeForce RTX 4090,52.0,8134.0,24564.0,46.0,144.03,44.0
2026/06/11 16:48:38.198,NVIDIA GeForce RTX 4090,52.0,8134.0,24564.0,45.0,138.56,45.0
2026/06/11 16:48:39.245,NVIDIA GeForce RTX 4090,0.0,8134.0,24564.0,0.0,139.79,42.0
2026/06/11 16:48:40.324,NVIDIA GeForce RTX 4090,41.0,8134.0,24564.0,28.0,136.1,44.0
2026/06/11 16:48:41.404,NVIDIA GeForce RTX 4090,62.0,8134.0,24564.0,60.0,138.47,45.0
2026/06/11 16:48:42.492,NVIDIA GeForce RTX 4090,23.0,8134.0,24564.0,0.0,147.42,43.0
2026/06/11 16:48:43.534,NVIDIA GeForce RTX 4090,29.0,8134.0,24564.0,14.0,153.97,44.0
2026/06/11 16:48:44.626,NVIDIA GeForce RTX 4090,31.0,8134.0,24564.0,15.0,150.51,44.0
2026/06/11 16:48:45.716,NVIDIA GeForce RTX 4090,43.0,8134.0,24564.0,30.0,153.01,45.0
2026/06/11 16:48:46.782,NVIDIA GeForce RTX 4090,47.0,8134.0,24564.0,36.0,155.75,43.0
2026/06/11 16:48:47.872,NVIDIA GeForce RTX 4090,68.0,8134.0,24564.0,66.0,152.16,44.0
2026/06/11 16:48:48.964,NVIDIA GeForce RTX 4090,61.0,8134.0,24564.0,55.0,152.52,44.0
2026/06/11 16:48:50.028,NVIDIA GeForce RTX 4090,25.0,8134.0,24564.0,0.0,148.6,44.0
2026/06/11 16:48:51.096,NVIDIA GeForce RTX 4090,27.0,8134.0,24564.0,13.0,151.93,44.0
2026/06/11 16:48:52.156,NVIDIA GeForce RTX 4090,51.0,8134.0,24564.0,41.0,149.05,46.0
2026/06/11 16:48:53.199,NVIDIA GeForce RTX 4090,50.0,8134.0,24564.0,41.0,152.34,46.0
2026/06/11 16:48:54.292,NVIDIA GeForce RTX 4090,65.0,8134.0,24564.0,62.0,149.62,46.0
2026/06/11 16:48:55.356,NVIDIA GeForce RTX 4090,54.0,8134.0,24564.0,46.0,150.46,45.0
2026/06/11 16:48:56.440,NVIDIA GeForce RTX 4090,28.0,8134.0,24564.0,0.0,155.1,43.0
2026/06/11 16:48:57.520,NVIDIA GeForce RTX 4090,28.0,8134.0,24564.0,13.0,152.86,45.0
2026/06/11 16:48:58.547,NVIDIA GeForce RTX 4090,28.0,8134.0,24564.0,13.0,152.61,44.0
2026/06/11 16:48:59.636,NVIDIA GeForce RTX 4090,55.0,8134.0,24564.0,47.0,155.24,43.0
2026/06/11 16:49:00.728,NVIDIA GeForce RTX 4090,41.0,8134.0,24564.0,29.0,152.41,44.0
2026/06/11 16:49:01.773,NVIDIA GeForce RTX 4090,63.0,8134.0,24564.0,60.0,152.21,44.0
2026/06/11 16:49:02.860,NVIDIA GeForce RTX 4090,48.0,8134.0,24564.0,38.0,147.84,44.0
2026/06/11 16:49:03.948,NVIDIA GeForce RTX 4090,26.0,8134.0,24564.0,12.0,144.89,45.0
2026/06/11 16:49:05.028,NVIDIA GeForce RTX 4090,28.0,8134.0,24564.0,12.0,150.66,45.0
2026/06/11 16:49:06.113,NVIDIA GeForce RTX 4090,41.0,8134.0,24564.0,29.0,147.54,45.0
2026/06/11 16:49:07.196,NVIDIA GeForce RTX 4090,53.0,8134.0,24564.0,46.0,145.17,45.0
2026/06/11 16:49:08.268,NVIDIA GeForce RTX 4090,54.0,8134.0,24564.0,46.0,147.68,45.0
2026/06/11 16:49:09.338,NVIDIA GeForce RTX 4090,31.0,8134.0,24564.0,0.0,154.83,43.0
2026/06/11 16:49:10.428,NVIDIA GeForce RTX 4090,28.0,8134.0,24564.0,13.0,152.09,44.0
2026/06/11 16:49:11.510,NVIDIA GeForce RTX 4090,28.0,8134.0,24564.0,13.0,152.42,45.0
2026/06/11 16:49:12.608,NVIDIA GeForce RTX 4090,50.0,8134.0,24564.0,40.0,154.54,43.0
2026/06/11 16:49:13.688,NVIDIA GeForce RTX 4090,56.0,8134.0,24564.0,49.0,153.17,44.0
2026/06/11 16:49:14.768,NVIDIA GeForce RTX 4090,69.0,8134.0,24564.0,67.0,151.19,44.0
2026/06/11 16:49:15.792,NVIDIA GeForce RTX 4090,44.0,8134.0,24564.0,31.0,149.17,46.0
2026/06/11 16:49:16.876,NVIDIA GeForce RTX 4090,28.0,8134.0,24564.0,3.0,150.63,46.0
2026/06/11 16:49:17.922,NVIDIA GeForce RTX 4090,28.0,8134.0,24564.0,12.0,149.72,45.0
2026/06/11 16:49:19.008,NVIDIA GeForce RTX 4090,27.0,8134.0,24564.0,13.0,147.91,44.0
2026/06/11 16:49:20.088,NVIDIA GeForce RTX 4090,51.0,8134.0,24564.0,41.0,154.36,43.0
2026/06/11 16:49:21.129,NVIDIA GeForce RTX 4090,68.0,8134.0,24564.0,67.0,150.89,46.0
2026/06/11 16:49:22.196,NVIDIA GeForce RTX 4090,54.0,8134.0,24564.0,46.0,150.16,45.0
2026/06/11 16:49:23.280,NVIDIA GeForce RTX 4090,27.0,8134.0,24564.0,0.0,154.8,43.0
2026/06/11 16:49:24.364,NVIDIA GeForce RTX 4090,27.0,8134.0,24564.0,12.0,151.82,44.0
2026/06/11 16:49:25.428,NVIDIA GeForce RTX 4090,27.0,8134.0,24564.0,12.0,151.2,44.0
2026/06/11 16:49:26.492,NVIDIA GeForce RTX 4090,52.0,8134.0,24564.0,43.0,147.63,44.0
2026/06/11 16:49:27.538,NVIDIA GeForce RTX 4090,53.0,8134.0,24564.0,46.0,148.98,45.0
2026/06/11 16:49:28.562,NVIDIA GeForce RTX 4090,62.0,8134.0,24564.0,57.0,143.84,44.0
2026/06/11 16:49:29.630,NVIDIA GeForce RTX 4090,29.0,8134.0,24564.0,0.0,148.17,45.0
2026/06/11 16:49:30.677,NVIDIA GeForce RTX 4090,29.0,8134.0,24564.0,14.0,147.41,45.0
2026/06/11 16:49:31.765,NVIDIA GeForce RTX 4090,25.0,8134.0,24564.0,12.0,146.83,45.0
2026/06/11 16:49:32.828,NVIDIA GeForce RTX 4090,56.0,8134.0,24564.0,48.0,154.82,43.0
2026/06/11 16:49:33.921,NVIDIA GeForce RTX 4090,41.0,8134.0,24564.0,28.0,151.33,44.0
2026/06/11 16:49:35.005,NVIDIA GeForce RTX 4090,63.0,8134.0,24564.0,59.0,149.82,44.0
2026/06/11 16:49:36.096,NVIDIA GeForce RTX 4090,27.0,8134.0,24564.0,0.0,146.4,45.0
2026/06/11 16:49:37.160,NVIDIA GeForce RTX 4090,31.0,8134.0,24564.0,15.0,152.3,44.0
2026/06/11 16:49:38.244,NVIDIA GeForce RTX 4090,51.0,8134.0,24564.0,40.0,149.02,45.0
2026/06/11 16:49:39.328,NVIDIA GeForce RTX 4090,66.0,8134.0,24564.0,62.0,142.07,44.0
2026/06/11 16:49:40.418,NVIDIA GeForce RTX 4090,28.0,8134.0,24564.0,14.0,138.98,45.0
2026/06/11 16:49:41.508,NVIDIA GeForce RTX 4090,27.0,8134.0,24564.0,7.0,154.94,43.0
2026/06/11 16:49:42.576,NVIDIA GeForce RTX 4090,28.0,8134.0,24564.0,13.0,148.21,45.0
2026/06/11 16:49:43.644,NVIDIA GeForce RTX 4090,56.0,8134.0,24564.0,49.0,149.09,44.0
2026/06/11 16:49:44.724,NVIDIA GeForce RTX 4090,57.0,8134.0,24564.0,51.0,151.83,44.0
2026/06/11 16:49:45.766,NVIDIA GeForce RTX 4090,20.0,8134.0,24564.0,0.0,141.22,45.0
2026/06/11 16:49:46.856,NVIDIA GeForce RTX 4090,28.0,8134.0,24564.0,13.0,137.48,44.0
2026/06/11 16:49:47.920,NVIDIA GeForce RTX 4090,42.0,8134.0,24564.0,29.0,151.85,43.0
2026/06/11 16:49:49.004,NVIDIA GeForce RTX 4090,42.0,8134.0,24564.0,28.0,153.49,44.0
2026/06/11 16:49:50.077,NVIDIA GeForce RTX 4090,59.0,8134.0,24564.0,52.0,153.09,44.0
2026/06/11 16:49:51.164,NVIDIA GeForce RTX 4090,23.0,8134.0,24564.0,0.0,153.08,43.0
2026/06/11 16:49:52.232,NVIDIA GeForce RTX 4090,25.0,8134.0,24564.0,12.0,151.9,44.0
2026/06/11 16:49:53.300,NVIDIA GeForce RTX 4090,28.0,8134.0,24564.0,14.0,151.54,44.0
2026/06/11 16:49:54.384,NVIDIA GeForce RTX 4090,51.0,8134.0,24564.0,41.0,152.15,45.0
2026/06/11 16:49:55.476,NVIDIA GeForce RTX 4090,41.0,8134.0,24564.0,29.0,149.54,45.0
2026/06/11 16:49:56.568,NVIDIA GeForce RTX 4090,56.0,8134.0,24564.0,50.0,147.65,46.0
2026/06/11 16:49:57.660,NVIDIA GeForce RTX 4090,54.0,8134.0,24564.0,46.0,151.58,44.0
2026/06/11 16:49:58.684,NVIDIA GeForce RTX 4090,26.0,8134.0,24564.0,0.0,148.92,45.0
2026/06/11 16:49:59.730,NVIDIA GeForce RTX 4090,28.0,8134.0,24564.0,13.0,151.07,45.0
2026/06/11 16:50:00.820,NVIDIA GeForce RTX 4090,28.0,8134.0,24564.0,13.0,148.89,45.0
2026/06/11 16:50:01.882,NVIDIA GeForce RTX 4090,56.0,8134.0,24564.0,48.0,149.73,43.0
2026/06/11 16:50:02.970,NVIDIA GeForce RTX 4090,51.0,8134.0,24564.0,42.0,154.78,44.0
2026/06/11 16:50:04.069,NVIDIA GeForce RTX 4090,53.0,8134.0,24564.0,46.0,152.08,45.0
2026/06/11 16:50:05.152,NVIDIA GeForce RTX 4090,23.0,8134.0,24564.0,0.0,147.05,43.0
2026/06/11 16:50:06.217,NVIDIA GeForce RTX 4090,31.0,8134.0,24564.0,16.0,154.68,44.0
2026/06/11 16:50:07.308,NVIDIA GeForce RTX 4090,31.0,8134.0,24564.0,15.0,150.89,44.0
2026/06/11 16:50:08.368,NVIDIA GeForce RTX 4090,55.0,8134.0,24564.0,45.0,153.08,45.0
2026/06/11 16:50:09.436,NVIDIA GeForce RTX 4090,48.0,8134.0,24564.0,37.0,151.54,45.0
2026/06/11 16:50:10.528,NVIDIA GeForce RTX 4090,59.0,8134.0,24564.0,53.0,149.96,45.0
2026/06/11 16:50:11.616,NVIDIA GeForce RTX 4090,61.0,8134.0,24564.0,55.0,152.87,46.0
2026/06/11 16:50:12.705,NVIDIA GeForce RTX 4090,27.0,8134.0,24564.0,0.0,148.05,45.0
2026/06/11 16:50:13.769,NVIDIA GeForce RTX 4090,29.0,8134.0,24564.0,14.0,151.26,44.0
2026/06/11 16:50:14.856,NVIDIA GeForce RTX 4090,29.0,8134.0,24564.0,14.0,150.0,44.0
2026/06/11 16:50:15.880,NVIDIA GeForce RTX 4090,42.0,8134.0,24564.0,30.0,151.22,43.0
2026/06/11 16:50:16.972,NVIDIA GeForce RTX 4090,42.0,8134.0,24564.0,29.0,154.66,44.0
2026/06/11 16:50:18.057,NVIDIA GeForce RTX 4090,53.0,8134.0,24564.0,46.0,152.3,44.0
2026/06/11 16:50:19.152,NVIDIA GeForce RTX 4090,25.0,8134.0,24564.0,0.0,150.92,43.0
2026/06/11 16:50:20.244,NVIDIA GeForce RTX 4090,28.0,8134.0,24564.0,14.0,153.58,44.0
2026/06/11 16:50:21.336,NVIDIA GeForce RTX 4090,29.0,8134.0,24564.0,14.0,152.05,44.0
2026/06/11 16:50:22.420,NVIDIA GeForce RTX 4090,51.0,8134.0,24564.0,43.0,150.18,45.0
2026/06/11 16:50:23.512,NVIDIA GeForce RTX 4090,52.0,8134.0,24564.0,45.0,146.09,45.0
2026/06/11 16:50:24.576,NVIDIA GeForce RTX 4090,61.0,8134.0,24564.0,55.0,147.15,45.0
2026/06/11 16:50:25.656,NVIDIA GeForce RTX 4090,38.0,8134.0,24564.0,18.0,150.03,45.0
2026/06/11 16:50:26.736,NVIDIA GeForce RTX 4090,26.0,8134.0,24564.0,7.0,145.78,44.0
2026/06/11 16:50:27.818,NVIDIA GeForce RTX 4090,25.0,8134.0,24564.0,12.0,140.64,43.0
2026/06/11 16:50:28.845,NVIDIA GeForce RTX 4090,43.0,8134.0,24564.0,35.0,154.31,44.0
2026/06/11 16:50:29.889,NVIDIA GeForce RTX 4090,64.0,8134.0,24564.0,62.0,149.69,44.0
2026/06/11 16:50:30.937,NVIDIA GeForce RTX 4090,33.0,8134.0,24564.0,15.0,142.64,45.0
2026/06/11 16:50:32.023,NVIDIA GeForce RTX 4090,25.0,8134.0,24564.0,12.0,141.68,44.0
2026/06/11 16:50:33.108,NVIDIA GeForce RTX 4090,46.0,8134.0,24564.0,38.0,137.57,44.0
2026/06/11 16:50:34.168,NVIDIA GeForce RTX 4090,43.0,8134.0,24564.0,34.0,131.03,42.0
2026/06/11 16:50:35.253,NVIDIA GeForce RTX 4090,24.0,8134.0,24564.0,11.0,153.11,43.0
2026/06/11 16:50:36.312,NVIDIA GeForce RTX 4090,40.0,8134.0,24564.0,30.0,146.99,45.0
2026/06/11 16:50:37.397,NVIDIA GeForce RTX 4090,50.0,8134.0,24564.0,46.0,138.5,45.0
2026/06/11 16:50:38.492,NVIDIA GeForce RTX 4090,23.0,8134.0,24564.0,0.0,131.72,43.0
2026/06/11 16:50:39.572,NVIDIA GeForce RTX 4090,23.0,8134.0,24564.0,11.0,149.38,44.0
2026/06/11 16:50:40.651,NVIDIA GeForce RTX 4090,42.0,8134.0,24564.0,30.0,155.13,43.0
2026/06/11 16:50:41.731,NVIDIA GeForce RTX 4090,62.0,8134.0,24564.0,59.0,147.4,44.0
2026/06/11 16:50:42.811,NVIDIA GeForce RTX 4090,22.0,8134.0,24564.0,0.0,138.61,45.0
2026/06/11 16:50:43.893,NVIDIA GeForce RTX 4090,25.0,8134.0,24564.0,12.0,134.74,44.0
2026/06/11 16:50:44.956,NVIDIA GeForce RTX 4090,41.0,8134.0,24564.0,32.0,152.83,44.0
2026/06/11 16:50:45.980,NVIDIA GeForce RTX 4090,56.0,8134.0,24564.0,51.0,147.65,44.0
2026/06/11 16:50:47.059,NVIDIA GeForce RTX 4090,24.0,8134.0,24564.0,0.0,140.27,44.0
2026/06/11 16:50:48.153,NVIDIA GeForce RTX 4090,44.0,8134.0,24564.0,35.0,144.12,45.0
2026/06/11 16:50:49.193,NVIDIA GeForce RTX 4090,57.0,8134.0,24564.0,54.0,136.22,43.0
2026/06/11 16:50:50.284,NVIDIA GeForce RTX 4090,23.0,8134.0,24564.0,0.0,140.95,43.0
2026/06/11 16:50:51.329,NVIDIA GeForce RTX 4090,26.0,8134.0,24564.0,12.0,145.78,44.0
2026/06/11 16:50:52.373,NVIDIA GeForce RTX 4090,40.0,8134.0,24564.0,28.0,143.37,45.0
2026/06/11 16:50:53.464,NVIDIA GeForce RTX 4090,57.0,8134.0,24564.0,51.0,137.5,44.0
2026/06/11 16:50:54.530,NVIDIA GeForce RTX 4090,23.0,8134.0,24564.0,0.0,144.04,43.0
2026/06/11 16:50:55.613,NVIDIA GeForce RTX 4090,26.0,8134.0,24564.0,12.0,140.43,44.0
2026/06/11 16:50:56.692,NVIDIA GeForce RTX 4090,44.0,8134.0,24564.0,34.0,151.97,43.0
2026/06/11 16:50:57.773,NVIDIA GeForce RTX 4090,57.0,8134.0,24564.0,53.0,147.87,44.0
2026/06/11 16:50:58.798,NVIDIA GeForce RTX 4090,34.0,8134.0,24564.0,18.0,145.53,44.0
2026/06/11 16:50:59.889,NVIDIA GeForce RTX 4090,26.0,8134.0,24564.0,12.0,140.4,44.0
2026/06/11 16:51:00.933,NVIDIA GeForce RTX 4090,41.0,8134.0,24564.0,30.0,142.59,43.0
2026/06/11 16:51:02.020,NVIDIA GeForce RTX 4090,42.0,8134.0,24564.0,31.0,151.78,44.0
2026/06/11 16:51:03.096,NVIDIA GeForce RTX 4090,61.0,8134.0,24564.0,58.0,149.35,45.0
2026/06/11 16:51:04.184,NVIDIA GeForce RTX 4090,26.0,8134.0,24564.0,12.0,149.29,44.0
2026/06/11 16:51:05.268,NVIDIA GeForce RTX 4090,52.0,8134.0,24564.0,46.0,115.74,45.0
2026/06/11 16:51:06.336,NVIDIA GeForce RTX 4090,22.0,8134.0,24564.0,0.0,139.4,42.0
2026/06/11 16:51:07.425,NVIDIA GeForce RTX 4090,25.0,8134.0,24564.0,12.0,152.45,44.0
2026/06/11 16:51:08.516,NVIDIA GeForce RTX 4090,37.0,8134.0,24564.0,23.0,148.55,45.0
2026/06/11 16:51:09.599,NVIDIA GeForce RTX 4090,44.0,8134.0,24564.0,31.0,148.96,45.0
2026/06/11 16:51:10.684,NVIDIA GeForce RTX 4090,57.0,8134.0,24564.0,51.0,152.23,44.0
2026/06/11 16:51:11.772,NVIDIA GeForce RTX 4090,65.0,8134.0,24564.0,61.0,151.87,44.0
2026/06/11 16:51:12.864,NVIDIA GeForce RTX 4090,14.0,8134.0,24564.0,0.0,140.14,45.0
2026/06/11 16:51:13.929,NVIDIA GeForce RTX 4090,28.0,8134.0,24564.0,13.0,132.8,42.0
2026/06/11 16:51:15.017,NVIDIA GeForce RTX 4090,43.0,8134.0,24564.0,31.0,152.61,44.0
2026/06/11 16:51:16.041,NVIDIA GeForce RTX 4090,53.0,8134.0,24564.0,46.0,152.07,45.0
2026/06/11 16:51:17.112,NVIDIA GeForce RTX 4090,26.0,8134.0,24564.0,12.0,149.13,44.0
2026/06/11 16:51:18.196,NVIDIA GeForce RTX 4090,51.0,8134.0,24564.0,41.0,145.08,44.0
2026/06/11 16:51:19.260,NVIDIA GeForce RTX 4090,53.0,8134.0,24564.0,45.0,149.55,45.0
2026/06/11 16:51:20.353,NVIDIA GeForce RTX 4090,53.0,8134.0,24564.0,46.0,136.9,44.0
2026/06/11 16:51:21.432,NVIDIA GeForce RTX 4090,22.0,8134.0,24564.0,0.0,154.81,43.0
2026/06/11 16:51:22.493,NVIDIA GeForce RTX 4090,27.0,8134.0,24564.0,12.0,151.65,44.0
2026/06/11 16:51:23.580,NVIDIA GeForce RTX 4090,57.0,8134.0,24564.0,49.0,146.74,45.0
2026/06/11 16:51:24.660,NVIDIA GeForce RTX 4090,41.0,8134.0,24564.0,29.0,151.66,44.0
2026/06/11 16:51:25.744,NVIDIA GeForce RTX 4090,57.0,8134.0,24564.0,50.0,148.93,44.0
2026/06/11 16:51:26.828,NVIDIA GeForce RTX 4090,23.0,8134.0,24564.0,0.0,142.68,44.0
2026/06/11 16:51:27.920,NVIDIA GeForce RTX 4090,26.0,8134.0,24564.0,13.0,144.89,44.0
2026/06/11 16:51:28.945,NVIDIA GeForce RTX 4090,26.0,8134.0,24564.0,12.0,142.97,43.0
2026/06/11 16:51:30.028,NVIDIA GeForce RTX 4090,40.0,8134.0,24564.0,28.0,151.23,44.0
2026/06/11 16:51:31.077,NVIDIA GeForce RTX 4090,62.0,8134.0,24564.0,60.0,147.64,44.0
2026/06/11 16:51:32.155,NVIDIA GeForce RTX 4090,27.0,8134.0,24564.0,13.0,152.2,44.0
2026/06/11 16:51:33.244,NVIDIA GeForce RTX 4090,28.0,8134.0,24564.0,14.0,150.78,44.0
2026/06/11 16:51:34.308,NVIDIA GeForce RTX 4090,50.0,8134.0,24564.0,40.0,151.62,45.0
2026/06/11 16:51:35.392,NVIDIA GeForce RTX 4090,42.0,8134.0,24564.0,30.0,150.29,46.0
2026/06/11 16:51:36.480,NVIDIA GeForce RTX 4090,56.0,8134.0,24564.0,50.0,147.72,45.0
2026/06/11 16:51:37.560,NVIDIA GeForce RTX 4090,54.0,8134.0,24564.0,46.0,148.61,43.0
2026/06/11 16:51:38.641,NVIDIA GeForce RTX 4090,30.0,8134.0,24564.0,5.0,148.63,46.0
2026/06/11 16:51:39.729,NVIDIA GeForce RTX 4090,29.0,8134.0,24564.0,14.0,148.08,45.0
2026/06/11 16:51:40.819,NVIDIA GeForce RTX 4090,28.0,8134.0,24564.0,13.0,147.06,43.0
2026/06/11 16:51:41.870,NVIDIA GeForce RTX 4090,49.0,8134.0,24564.0,39.0,154.73,44.0
2026/06/11 16:51:42.944,NVIDIA GeForce RTX 4090,58.0,8134.0,24564.0,53.0,151.84,44.0
2026/06/11 16:51:44.036,NVIDIA GeForce RTX 4090,68.0,8134.0,24564.0,67.0,152.17,46.0
2026/06/11 16:51:45.128,NVIDIA GeForce RTX 4090,30.0,8134.0,24564.0,15.0,154.95,44.0
2026/06/11 16:51:46.152,NVIDIA GeForce RTX 4090,31.0,8134.0,24564.0,15.0,152.63,44.0
2026/06/11 16:51:47.211,NVIDIA GeForce RTX 4090,48.0,8134.0,24564.0,36.0,152.53,45.0
2026/06/11 16:51:48.291,NVIDIA GeForce RTX 4090,49.0,8134.0,24564.0,40.0,148.33,44.0
2026/06/11 16:51:49.371,NVIDIA GeForce RTX 4090,53.0,8134.0,24564.0,46.0,147.37,45.0
2026/06/11 16:51:50.433,NVIDIA GeForce RTX 4090,54.0,8134.0,24564.0,46.0,147.45,43.0
2026/06/11 16:51:51.515,NVIDIA GeForce RTX 4090,29.0,8134.0,24564.0,3.0,154.96,44.0
2026/06/11 16:51:52.598,NVIDIA GeForce RTX 4090,29.0,8134.0,24564.0,14.0,152.7,44.0
2026/06/11 16:51:53.641,NVIDIA GeForce RTX 4090,29.0,8134.0,24564.0,13.0,147.78,43.0
2026/06/11 16:51:54.724,NVIDIA GeForce RTX 4090,53.0,8134.0,24564.0,45.0,155.09,45.0
2026/06/11 16:51:55.765,NVIDIA GeForce RTX 4090,56.0,8134.0,24564.0,49.0,152.13,45.0
2026/06/11 16:51:56.824,NVIDIA GeForce RTX 4090,51.0,8134.0,24564.0,46.0,150.78,46.0
2026/06/11 16:51:57.904,NVIDIA GeForce RTX 4090,25.0,8134.0,24564.0,0.0,143.86,45.0
2026/06/11 16:51:58.928,NVIDIA GeForce RTX 4090,29.0,8134.0,24564.0,14.0,147.95,46.0
2026/06/11 16:51:59.973,NVIDIA GeForce RTX 4090,29.0,8134.0,24564.0,14.0,147.78,44.0
2026/06/11 16:52:01.052,NVIDIA GeForce RTX 4090,48.0,8134.0,24564.0,37.0,154.76,43.0
2026/06/11 16:52:02.132,NVIDIA GeForce RTX 4090,65.0,8134.0,24564.0,63.0,145.52,44.0
2026/06/11 16:52:03.200,NVIDIA GeForce RTX 4090,26.0,8134.0,24564.0,0.0,151.91,43.0
2026/06/11 16:52:04.280,NVIDIA GeForce RTX 4090,27.0,8134.0,24564.0,13.0,152.63,44.0
2026/06/11 16:52:05.359,NVIDIA GeForce RTX 4090,28.0,8134.0,24564.0,14.0,151.42,44.0
2026/06/11 16:52:06.444,NVIDIA GeForce RTX 4090,40.0,8134.0,24564.0,29.0,144.18,46.0
2026/06/11 16:52:07.524,NVIDIA GeForce RTX 4090,62.0,8134.0,24564.0,59.0,146.18,45.0
2026/06/11 16:52:08.608,NVIDIA GeForce RTX 4090,52.0,8134.0,24564.0,46.0,150.93,45.0
2026/06/11 16:52:09.690,NVIDIA GeForce RTX 4090,26.0,8134.0,24564.0,0.0,147.59,45.0
2026/06/11 16:52:10.772,NVIDIA GeForce RTX 4090,30.0,8134.0,24564.0,15.0,146.98,45.0
2026/06/11 16:52:11.852,NVIDIA GeForce RTX 4090,28.0,8134.0,24564.0,12.0,149.35,45.0
2026/06/11 16:52:12.937,NVIDIA GeForce RTX 4090,49.0,8134.0,24564.0,38.0,155.19,43.0
2026/06/11 16:52:14.019,NVIDIA GeForce RTX 4090,63.0,8134.0,24564.0,59.0,150.97,45.0
2026/06/11 16:52:15.100,NVIDIA GeForce RTX 4090,60.0,8134.0,24564.0,53.0,151.29,45.0
2026/06/11 16:52:16.123,NVIDIA GeForce RTX 4090,29.0,8134.0,24564.0,14.0,154.05,44.0
2026/06/11 16:52:17.166,NVIDIA GeForce RTX 4090,29.0,8134.0,24564.0,14.0,152.41,44.0
2026/06/11 16:52:18.248,NVIDIA GeForce RTX 4090,55.0,8134.0,24564.0,46.0,151.92,45.0
2026/06/11 16:52:19.336,NVIDIA GeForce RTX 4090,46.0,8134.0,24564.0,37.0,149.12,46.0
2026/06/11 16:52:20.424,NVIDIA GeForce RTX 4090,66.0,8134.0,24564.0,63.0,146.71,45.0
2026/06/11 16:52:21.516,NVIDIA GeForce RTX 4090,36.0,8134.0,24564.0,15.0,147.21,44.0
2026/06/11 16:52:22.608,NVIDIA GeForce RTX 4090,28.0,8134.0,24564.0,8.0,150.41,46.0
2026/06/11 16:52:23.697,NVIDIA GeForce RTX 4090,27.0,8134.0,24564.0,13.0,147.0,45.0
2026/06/11 16:52:24.789,NVIDIA GeForce RTX 4090,42.0,8134.0,24564.0,30.0,149.77,43.0
2026/06/11 16:52:25.831,NVIDIA GeForce RTX 4090,41.0,8134.0,24564.0,28.0,153.29,44.0
2026/06/11 16:52:26.900,NVIDIA GeForce RTX 4090,52.0,8134.0,24564.0,46.0,150.79,45.0
2026/06/11 16:52:27.984,NVIDIA GeForce RTX 4090,45.0,8134.0,24564.0,34.0,149.27,46.0
2026/06/11 16:52:29.009,NVIDIA GeForce RTX 4090,25.0,8134.0,24564.0,6.0,143.71,45.0
2026/06/11 16:52:30.069,NVIDIA GeForce RTX 4090,31.0,8134.0,24564.0,16.0,145.36,46.0
2026/06/11 16:52:31.133,NVIDIA GeForce RTX 4090,52.0,8134.0,24564.0,44.0,151.42,46.0
2026/06/11 16:52:32.192,NVIDIA GeForce RTX 4090,63.0,8134.0,24564.0,61.0,149.64,46.0
2026/06/11 16:52:33.276,NVIDIA GeForce RTX 4090,51.0,8134.0,24564.0,42.0,150.54,45.0
2026/06/11 16:52:34.340,NVIDIA GeForce RTX 4090,26.0,8134.0,24564.0,0.0,155.71,43.0
2026/06/11 16:52:35.421,NVIDIA GeForce RTX 4090,28.0,8134.0,24564.0,13.0,149.8,45.0
2026/06/11 16:52:36.499,NVIDIA GeForce RTX 4090,41.0,8134.0,24564.0,30.0,151.98,45.0
2026/06/11 16:52:37.580,NVIDIA GeForce RTX 4090,40.0,8134.0,24564.0,28.0,147.47,45.0
2026/06/11 16:52:38.664,NVIDIA GeForce RTX 4090,59.0,8134.0,24564.0,56.0,151.09,45.0
2026/06/11 16:52:39.744,NVIDIA GeForce RTX 4090,36.0,8134.0,24564.0,15.0,149.21,46.0
2026/06/11 16:52:40.791,NVIDIA GeForce RTX 4090,27.0,8134.0,24564.0,8.0,148.49,45.0
2026/06/11 16:52:41.880,NVIDIA GeForce RTX 4090,28.0,8134.0,24564.0,13.0,136.15,44.0
2026/06/11 16:52:42.941,NVIDIA GeForce RTX 4090,51.0,8134.0,24564.0,40.0,155.88,44.0
2026/06/11 16:52:44.004,NVIDIA GeForce RTX 4090,53.0,8134.0,24564.0,46.0,153.91,45.0
2026/06/11 16:52:45.089,NVIDIA GeForce RTX 4090,20.0,8134.0,24564.0,0.0,138.41,46.0
2026/06/11 16:52:46.114,NVIDIA GeForce RTX 4090,44.0,8134.0,24564.0,32.0,135.29,46.0
2026/06/11 16:52:47.210,NVIDIA GeForce RTX 4090,54.0,8134.0,24564.0,46.0,128.03,45.0
2026/06/11 16:52:48.299,NVIDIA GeForce RTX 4090,27.0,8134.0,24564.0,4.0,155.39,43.0
2026/06/11 16:52:49.388,NVIDIA GeForce RTX 4090,28.0,8134.0,24564.0,13.0,147.19,45.0
2026/06/11 16:52:50.472,NVIDIA GeForce RTX 4090,51.0,8134.0,24564.0,41.0,152.3,45.0
2026/06/11 16:52:51.532,NVIDIA GeForce RTX 4090,50.0,8134.0,24564.0,46.0,138.98,46.0
2026/06/11 16:52:52.596,NVIDIA GeForce RTX 4090,57.0,8134.0,24564.0,51.0,145.82,45.0
2026/06/11 16:52:53.660,NVIDIA GeForce RTX 4090,14.0,8134.0,24564.0,0.0,144.81,45.0
2026/06/11 16:52:54.748,NVIDIA GeForce RTX 4090,28.0,8134.0,24564.0,13.0,149.51,46.0
2026/06/11 16:52:55.838,NVIDIA GeForce RTX 4090,33.0,8134.0,24564.0,18.0,148.23,45.0
2026/06/11 16:52:56.924,NVIDIA GeForce RTX 4090,54.0,8134.0,24564.0,46.0,155.31,44.0
2026/06/11 16:52:58.012,NVIDIA GeForce RTX 4090,53.0,8134.0,24564.0,46.0,153.29,45.0
2026/06/11 16:52:59.043,NVIDIA GeForce RTX 4090,61.0,8134.0,24564.0,57.0,153.38,45.0
2026/06/11 16:53:00.135,NVIDIA GeForce RTX 4090,26.0,8134.0,24564.0,3.0,155.51,43.0
2026/06/11 16:53:01.204,NVIDIA GeForce RTX 4090,29.0,8134.0,24564.0,14.0,153.58,44.0
2026/06/11 16:53:02.291,NVIDIA GeForce RTX 4090,28.0,8134.0,24564.0,13.0,152.83,45.0
2026/06/11 16:53:03.356,NVIDIA GeForce RTX 4090,51.0,8134.0,24564.0,41.0,149.4,46.0
2026/06/11 16:53:04.416,NVIDIA GeForce RTX 4090,56.0,8134.0,24564.0,50.0,151.34,46.0
2026/06/11 16:53:05.496,NVIDIA GeForce RTX 4090,63.0,8134.0,24564.0,60.0,146.16,46.0
2026/06/11 16:53:06.576,NVIDIA GeForce RTX 4090,27.0,8134.0,24564.0,0.0,147.86,45.0
2026/06/11 16:53:07.656,NVIDIA GeForce RTX 4090,30.0,8134.0,24564.0,9.0,149.88,45.0
2026/06/11 16:53:08.697,NVIDIA GeForce RTX 4090,28.0,8134.0,24564.0,13.0,147.77,46.0
2026/06/11 16:53:09.776,NVIDIA GeForce RTX 4090,35.0,8134.0,24564.0,22.0,148.17,44.0
2026/06/11 16:53:10.855,NVIDIA GeForce RTX 4090,41.0,8134.0,24564.0,29.0,155.29,44.0
2026/06/11 16:53:11.897,NVIDIA GeForce RTX 4090,67.0,8134.0,24564.0,65.0,152.44,45.0
2026/06/11 16:53:12.956,NVIDIA GeForce RTX 4090,61.0,8134.0,24564.0,56.0,152.83,45.0
2026/06/11 16:53:13.997,NVIDIA GeForce RTX 4090,30.0,8134.0,24564.0,0.0,150.21,45.0
2026/06/11 16:53:15.038,NVIDIA GeForce RTX 4090,30.0,8134.0,24564.0,14.0,148.48,45.0
2026/06/11 16:53:16.062,NVIDIA GeForce RTX 4090,31.0,8134.0,24564.0,15.0,149.61,45.0
2026/06/11 16:53:17.105,NVIDIA GeForce RTX 4090,47.0,8134.0,24564.0,35.0,149.81,46.0
2026/06/11 16:53:18.168,NVIDIA GeForce RTX 4090,61.0,8134.0,24564.0,55.0,149.19,45.0
2026/06/11 16:53:19.240,NVIDIA GeForce RTX 4090,63.0,8134.0,24564.0,58.0,150.97,45.0
2026/06/11 16:53:20.328,NVIDIA GeForce RTX 4090,30.0,8134.0,24564.0,0.0,153.55,43.0
2026/06/11 16:53:21.425,NVIDIA GeForce RTX 4090,28.0,8134.0,24564.0,13.0,156.15,44.0
2026/06/11 16:53:22.473,NVIDIA GeForce RTX 4090,23.0,8134.0,24564.0,11.0,152.27,45.0
2026/06/11 16:53:23.540,NVIDIA GeForce RTX 4090,51.0,8134.0,24564.0,41.0,148.66,46.0
2026/06/11 16:53:24.624,NVIDIA GeForce RTX 4090,50.0,8134.0,24564.0,42.0,152.71,45.0
2026/06/11 16:53:25.692,NVIDIA GeForce RTX 4090,69.0,8134.0,24564.0,68.0,152.95,45.0
2026/06/11 16:53:26.771,NVIDIA GeForce RTX 4090,45.0,8134.0,24564.0,30.0,150.5,46.0
2026/06/11 16:53:27.852,NVIDIA GeForce RTX 4090,29.0,8134.0,24564.0,1.0,151.11,46.0
2026/06/11 16:53:28.875,NVIDIA GeForce RTX 4090,29.0,8134.0,24564.0,13.0,148.68,45.0
2026/06/11 16:53:29.937,NVIDIA GeForce RTX 4090,27.0,8134.0,24564.0,12.0,148.41,45.0
2026/06/11 16:53:31.022,NVIDIA GeForce RTX 4090,51.0,8134.0,24564.0,41.0,155.78,44.0
2026/06/11 16:53:32.108,NVIDIA GeForce RTX 4090,53.0,8134.0,24564.0,46.0,143.63,45.0
2026/06/11 16:53:33.169,NVIDIA GeForce RTX 4090,27.0,8134.0,24564.0,0.0,155.72,44.0
2026/06/11 16:53:34.251,NVIDIA GeForce RTX 4090,28.0,8134.0,24564.0,13.0,151.23,45.0
2026/06/11 16:53:35.332,NVIDIA GeForce RTX 4090,0.0,8134.0,24564.0,0.0,126.55,44.0
2026/06/11 16:53:36.378,NVIDIA GeForce RTX 4090,53.0,8134.0,24564.0,46.0,135.52,46.0
2026/06/11 16:53:37.460,NVIDIA GeForce RTX 4090,28.0,8134.0,24564.0,0.0,148.09,45.0
2026/06/11 16:53:38.526,NVIDIA GeForce RTX 4090,29.0,8134.0,24564.0,12.0,155.9,44.0
2026/06/11 16:53:39.610,NVIDIA GeForce RTX 4090,29.0,8134.0,24564.0,14.0,148.47,45.0
2026/06/11 16:53:40.698,NVIDIA GeForce RTX 4090,47.0,8134.0,24564.0,38.0,152.19,43.0
2026/06/11 16:53:41.783,NVIDIA GeForce RTX 4090,55.0,8134.0,24564.0,50.0,153.03,45.0
2026/06/11 16:53:42.863,NVIDIA GeForce RTX 4090,65.0,8134.0,24564.0,62.0,153.3,45.0
2026/06/11 16:53:43.944,NVIDIA GeForce RTX 4090,38.0,8134.0,24564.0,22.0,150.77,46.0
2026/06/11 16:53:45.023,NVIDIA GeForce RTX 4090,31.0,8134.0,24564.0,4.0,150.29,45.0
2026/06/11 16:53:46.047,NVIDIA GeForce RTX 4090,29.0,8134.0,24564.0,14.0,148.0,46.0
2026/06/11 16:53:47.128,NVIDIA GeForce RTX 4090,48.0,8134.0,24564.0,38.0,148.72,46.0
2026/06/11 16:53:48.192,NVIDIA GeForce RTX 4090,68.0,8134.0,24564.0,66.0,150.86,45.0
2026/06/11 16:53:49.276,NVIDIA GeForce RTX 4090,61.0,8134.0,24564.0,56.0,149.58,45.0
2026/06/11 16:53:50.356,NVIDIA GeForce RTX 4090,33.0,8134.0,24564.0,0.0,153.2,43.0
2026/06/11 16:53:51.440,NVIDIA GeForce RTX 4090,30.0,8134.0,24564.0,15.0,154.91,44.0
2026/06/11 16:53:52.520,NVIDIA GeForce RTX 4090,29.0,8134.0,24564.0,14.0,152.94,45.0
2026/06/11 16:53:53.605,NVIDIA GeForce RTX 4090,55.0,8134.0,24564.0,45.0,153.85,45.0
2026/06/11 16:53:54.683,NVIDIA GeForce RTX 4090,43.0,8134.0,24564.0,31.0,153.42,45.0
2026/06/11 16:53:55.763,NVIDIA GeForce RTX 4090,52.0,8134.0,24564.0,46.0,152.11,45.0
2026/06/11 16:53:56.848,NVIDIA GeForce RTX 4090,46.0,8134.0,24564.0,36.0,149.35,46.0
2026/06/11 16:53:57.928,NVIDIA GeForce RTX 4090,27.0,8134.0,24564.0,7.0,146.62,46.0
2026/06/11 16:53:58.953,NVIDIA GeForce RTX 4090,28.0,8134.0,24564.0,12.0,142.96,45.0
2026/06/11 16:54:00.042,NVIDIA GeForce RTX 4090,53.0,8134.0,24564.0,45.0,151.26,44.0
2026/06/11 16:54:01.133,NVIDIA GeForce RTX 4090,23.0,8134.0,24564.0,0.0,135.62,45.0
2026/06/11 16:54:02.206,NVIDIA GeForce RTX 4090,26.0,8134.0,24564.0,12.0,151.59,45.0
2026/06/11 16:54:03.287,NVIDIA GeForce RTX 4090,40.0,8134.0,24564.0,29.0,147.25,45.0
2026/06/11 16:54:04.367,NVIDIA GeForce RTX 4090,48.0,8134.0,24564.0,40.0,143.43,46.0
2026/06/11 16:54:05.409,NVIDIA GeForce RTX 4090,53.0,8134.0,24564.0,46.0,141.73,46.0
2026/06/11 16:54:06.497,NVIDIA GeForce RTX 4090,32.0,8134.0,24564.0,0.0,147.91,43.0
2026/06/11 16:54:07.583,NVIDIA GeForce RTX 4090,31.0,8134.0,24564.0,15.0,154.57,44.0
2026/06/11 16:54:08.669,NVIDIA GeForce RTX 4090,27.0,8134.0,24564.0,12.0,147.54,45.0
2026/06/11 16:54:09.740,NVIDIA GeForce RTX 4090,51.0,8134.0,24564.0,41.0,155.25,44.0
2026/06/11 16:54:10.829,NVIDIA GeForce RTX 4090,50.0,8134.0,24564.0,41.0,152.29,45.0
2026/06/11 16:54:11.923,NVIDIA GeForce RTX 4090,62.0,8134.0,24564.0,57.0,151.75,45.0
2026/06/11 16:54:12.969,NVIDIA GeForce RTX 4090,14.0,8134.0,24564.0,0.0,139.55,47.0
2026/06/11 16:54:14.059,NVIDIA GeForce RTX 4090,29.0,8134.0,24564.0,14.0,150.82,46.0
2026/06/11 16:54:15.140,NVIDIA GeForce RTX 4090,61.0,8134.0,24564.0,58.0,119.94,45.0
2026/06/11 16:54:16.171,NVIDIA GeForce RTX 4090,19.0,8134.0,24564.0,0.0,147.29,43.0
2026/06/11 16:54:17.232,NVIDIA GeForce RTX 4090,51.0,8134.0,24564.0,41.0,136.7,46.0
2026/06/11 16:54:18.273,NVIDIA GeForce RTX 4090,63.0,8134.0,24564.0,60.0,141.86,46.0
2026/06/11 16:54:19.335,NVIDIA GeForce RTX 4090,21.0,8134.0,24564.0,0.0,139.9,43.0
2026/06/11 16:54:20.421,NVIDIA GeForce RTX 4090,26.0,8134.0,24564.0,13.0,152.91,45.0
2026/06/11 16:54:21.503,NVIDIA GeForce RTX 4090,26.0,8134.0,24564.0,12.0,151.36,45.0
2026/06/11 16:54:22.584,NVIDIA GeForce RTX 4090,48.0,8134.0,24564.0,39.0,139.19,46.0
2026/06/11 16:54:23.664,NVIDIA GeForce RTX 4090,53.0,8134.0,24564.0,46.0,144.4,46.0
2026/06/11 16:54:24.724,NVIDIA GeForce RTX 4090,26.0,8134.0,24564.0,6.0,146.42,45.0
2026/06/11 16:54:25.765,NVIDIA GeForce RTX 4090,25.0,8134.0,24564.0,12.0,140.37,46.0
2026/06/11 16:54:26.809,NVIDIA GeForce RTX 4090,44.0,8134.0,24564.0,33.0,154.82,43.0
2026/06/11 16:54:27.903,NVIDIA GeForce RTX 4090,54.0,8134.0,24564.0,49.0,147.75,45.0
2026/06/11 16:54:28.927,NVIDIA GeForce RTX 4090,19.0,8134.0,24564.0,0.0,139.94,46.0
2026/06/11 16:54:30.007,NVIDIA GeForce RTX 4090,26.0,8134.0,24564.0,12.0,144.52,45.0
2026/06/11 16:54:31.088,NVIDIA GeForce RTX 4090,28.0,8134.0,24564.0,13.0,149.09,45.0
2026/06/11 16:54:32.167,NVIDIA GeForce RTX 4090,42.0,8134.0,24564.0,29.0,150.3,45.0
2026/06/11 16:54:33.254,NVIDIA GeForce RTX 4090,61.0,8134.0,24564.0,57.0,148.66,46.0
2026/06/11 16:54:34.336,NVIDIA GeForce RTX 4090,22.0,8134.0,24564.0,0.0,141.83,45.0
2026/06/11 16:54:35.400,NVIDIA GeForce RTX 4090,26.0,8134.0,24564.0,12.0,152.01,44.0
2026/06/11 16:54:36.464,NVIDIA GeForce RTX 4090,40.0,8134.0,24564.0,29.0,147.72,45.0
2026/06/11 16:54:37.523,NVIDIA GeForce RTX 4090,48.0,8134.0,24564.0,41.0,141.16,45.0
2026/06/11 16:54:38.584,NVIDIA GeForce RTX 4090,66.0,8134.0,24564.0,64.0,140.86,44.0
2026/06/11 16:54:39.663,NVIDIA GeForce RTX 4090,27.0,8134.0,24564.0,0.0,150.77,46.0
2026/06/11 16:54:40.707,NVIDIA GeForce RTX 4090,29.0,8134.0,24564.0,14.0,151.68,45.0
2026/06/11 16:54:41.791,NVIDIA GeForce RTX 4090,27.0,8134.0,24564.0,12.0,150.05,44.0
2026/06/11 16:54:42.834,NVIDIA GeForce RTX 4090,45.0,8134.0,24564.0,34.0,147.11,43.0
2026/06/11 16:54:43.916,NVIDIA GeForce RTX 4090,44.0,8134.0,24564.0,32.0,155.35,44.0
2026/06/11 16:54:44.999,NVIDIA GeForce RTX 4090,64.0,8134.0,24564.0,60.0,153.32,45.0
2026/06/11 16:54:46.023,NVIDIA GeForce RTX 4090,53.0,8134.0,24564.0,46.0,151.97,45.0
2026/06/11 16:54:47.104,NVIDIA GeForce RTX 4090,23.0,8134.0,24564.0,0.0,144.88,46.0
2026/06/11 16:54:48.183,NVIDIA GeForce RTX 4090,28.0,8134.0,24564.0,13.0,152.47,45.0
2026/06/11 16:54:49.244,NVIDIA GeForce RTX 4090,58.0,8134.0,24564.0,50.0,153.06,46.0
2026/06/11 16:54:50.323,NVIDIA GeForce RTX 4090,45.0,8134.0,24564.0,33.0,150.41,46.0
2026/06/11 16:54:51.367,NVIDIA GeForce RTX 4090,53.0,8134.0,24564.0,46.0,147.74,46.0
2026/06/11 16:54:52.452,NVIDIA GeForce RTX 4090,36.0,8134.0,24564.0,24.0,144.15,43.0
2026/06/11 16:54:53.503,NVIDIA GeForce RTX 4090,32.0,8134.0,24564.0,5.0,155.49,44.0
2026/06/11 16:54:54.589,NVIDIA GeForce RTX 4090,31.0,8134.0,24564.0,16.0,153.39,45.0
2026/06/11 16:54:55.676,NVIDIA GeForce RTX 4090,28.0,8134.0,24564.0,12.0,146.61,43.0
2026/06/11 16:54:56.756,NVIDIA GeForce RTX 4090,52.0,8134.0,24564.0,44.0,155.74,45.0
2026/06/11 16:54:57.836,NVIDIA GeForce RTX 4090,56.0,8134.0,24564.0,50.0,152.9,45.0
2026/06/11 16:54:58.859,NVIDIA GeForce RTX 4090,53.0,8134.0,24564.0,46.0,151.6,46.0
2026/06/11 16:54:59.940,NVIDIA GeForce RTX 4090,28.0,8134.0,24564.0,0.0,145.4,45.0
2026/06/11 16:55:01.019,NVIDIA GeForce RTX 4090,28.0,8134.0,24564.0,13.0,148.01,46.0
2026/06/11 16:55:02.101,NVIDIA GeForce RTX 4090,28.0,8134.0,24564.0,13.0,148.04,45.0
2026/06/11 16:55:03.185,NVIDIA GeForce RTX 4090,55.0,8134.0,24564.0,49.0,149.49,45.0
